model,selected_params,validation_rmse,rmse,mae,r2,corr,direction_accuracy,up_precision,up_recall,up_f1
Lasso,"{""alpha"": 0.005}",0.01251860769245827,0.012160665539093295,0.008280153508580168,-0.0008005362030218954,3.756533998323404e-17,0.5633047210300429,0.5633047210300429,1.0,0.720658888126287
ElasticNet,"{""alpha"": 0.001, ""l1_ratio"": 0.75}",0.012541037756134988,0.012173341512322204,0.008310406589268871,-0.0028880424519033276,0.08465741485689533,0.5407725321888412,0.582905982905983,0.6495238095238095,0.6144144144144145
BayesianRidge,{},0.012711997295954087,0.012299403596023318,0.008439405674022741,-0.023766576859687083,0.08074806618561857,0.5407725321888412,0.6052060737527115,0.5314285714285715,0.565922920892495
Ridge,"{""alpha"": 500.0}",0.012706490190153142,0.012299644796174966,0.008439851707793357,-0.02380673085137075,0.08075760027334733,0.5407725321888412,0.6052060737527115,0.5314285714285715,0.565922920892495
Huber,"{""epsilon"": 1.15, ""alpha"": 0.0001}",0.012842665295732187,0.012329103598472257,0.008443461899895494,-0.028716830083117983,0.051007815473347276,0.528969957081545,0.5716666666666667,0.6533333333333333,0.6097777777777778
LinearRegression,{},0.012996908405883514,0.012428489974292887,0.008628435650101763,-0.045368896123966884,0.07132760660242275,0.526824034334764,0.6004784688995215,0.4780952380952381,0.5323435843054082
